,chat_id,chat_idx,fwd_src,name,lang
0,13059,0,0,vaccinskador,sv
1,13348,1,0,truthtalknatalie,sv
2,13355,2,0,censureradsanning,sv
3,13362,3,0,sjukskoterskeuppropet,sv
4,13368,4,0,nyadagbladet_se,sv
5,13376,5,0,talaomdet,sv
6,13414,6,0,projektvaken,sv
7,13426,7,0,awake_society_swe,sv
8,13448,8,0,frihetsrorelsen,sv
9,13459,9,0,thriverebel,sv
10,13505,10,0,vakense,sv
11,13506,11,0,worldwidesverige,sv
12,13611,12,0,Protester_Sthlm,sv
13,13747,13,0,awake_society_group_swe,sv
14,13867,14,0,SucharitBhakdi,sv
15,14308,15,0,worldwidesweden,sv
16,14313,16,0,frihetsfront,sv
17,14320,17,0,NejTillNato,sv
18,14367,18,0,Swedenfirst,sv
19,14428,19,0,PatriotsOfSweden,sv
20,14440,20,0,bladet_se,sv
21,14443,21,0,SchillerInstitutetSE,sv
22,14651,22,0,bakomcensuren,sv
23,14660,23,0,naste1motstandsrorelsen,sv
24,14666,24,0,vakenmanifestet,sv
25,14696,25,0,Frihet_Sverige_Chatt,sv
26,14739,26,0,frihetsnytt,sv
27,14758,27,0,wwd_sthlm,sv
28,14876,28,0,vitillsammans,sv
29,14942,29,0,NordfrontNyheter,sv
30,14952,30,0,saxlind,sv
31,15021,31,0,nordiskradio,sv
32,15140,32,0,foreningencuibono,sv
33,15160,33,0,motstandsrorelsen_se,sv
34,15221,34,0,simonlindberg,sv
35,15248,35,0,avmaskerat,sv
36,15300,36,0,lognarnastempel,sv
37,15354,37,0,forfrihetochsanningskane,sv
38,15424,38,0,charlottarexmark,sv
39,15539,39,0,klatv_sv,sv
40,15596,40,0,juliusstockholm,sv
41,15671,41,0,fredrik_widmark,sv
42,15800,42,0,starseedworkers,sv
43,15979,43,0,exakt24,sv
44,16321,44,0,aidarevatribe,sv
45,16402,45,0,GymXIV,sv
46,16490,46,0,WHITEUNTED,sv
47,16920,47,0,Conspiracy_Realist_world,sv
48,17005,48,0,MEC21srs,sv
49,17197,49,0,informationskriget,sv
50,17274,50,0,partietmod,sv
51,17280,51,0,magnussoderman,sv
52,17308,52,0,biverk,sv
53,17311,53,0,newsvoicepublic,sv
54,17489,54,0,civilolydnad,sv
55,17924,55,0,samnytt_se,sv
56,17964,56,0,deljugeromallt,sv
57,18019,57,0,Sverigegruppen,sv
58,18161,58,0,botasverige,sv
59,18184,59,0,frihetsverige,sv
60,18558,60,0,frihetsvea,sv
61,18761,61,0,danerikssonSE,sv
62,22329,62,0,FreeBeingsChannel,sv
63,22403,63,0,AWAKEAnslagstavlan,sv
64,27516,64,0,True_Calling,sv
65,39850,65,0,MathiasAnderssonKanal,sv
66,39906,66,0,makeswedengreat,sv
67,39942,67,0,grexeventi,sv
68,40477,68,0,defria,sv
69,41358,69,0,FrihetSvea1,sv
70,41359,70,0,danielforsiusmusic,sv
71,41376,71,0,vaxbiverkSve,sv
72,43231,72,0,EternalMemriTV,sv
73,43401,73,0,BaronensBetraktelser,sv
74,47451,74,0,travelfilms_bogdanova_becker,sv
75,53568,75,0,barsarkarna,sv
76,56751,76,0,detfriasverige,sv
77,56781,77,0,thuleannature,sv
78,56888,78,0,altnorden,sv
79,57070,79,0,frihetsportalen,sv
80,58919,80,0,rebootaSverige,sv
81,64049,81,0,GreatAwakeningFredrikEngwall,sv
82,65042,82,0,expose_all_secret_societies,sv
83,66392,83,0,TheWhiteRoseSweden,sv
84,67536,84,0,patriottische_jeugd_parkstad,sv
85,70725,85,0,kurdishniggasex,sv
86,71454,86,0,AfS_riks,sv
87,71878,87,0,svegot,sv
88,73472,88,0,Aktivklubb_Sverige,sv
89,74513,89,0,bellumpodd,sv
90,74901,90,0,jackslackofserotonin,sv
91,79311,91,0,HammerHouseFinland,sv
92,81907,92,0,chrisafvp,sv
93,81913,93,0,palaestra,sv
94,81914,94,0,AssarChristian,sv
95,83314,95,0,TikTok_Cringe,sv
96,85386,96,0,Nest2SE,sv
97,87304,97,0,ShitChanneltg,sv
98,88967,98,0,SnyggAlexSpam,sv
99,90794,99,0,eqn_realtime,sv
100,91117,100,0,sverigeprotesterar,sv
101,93901,101,0,Meiktila,sv
102,94906,102,0,maxwinterme,sv
103,100155,103,0,MarianneArnstromKanal,sv
104,100275,104,0,iwikimi_inSwedish,sv
105,100601,105,0,H24MEDIATV,sv
106,102303,106,0,danerneslys,sv
107,103140,107,0,swedishHistory,sv
108,103945,108,0,bjornbjorkqvist,sv
109,106685,109,0,blackflag_ukraine,sv
110,114202,110,0,LerngruppenHamburg,sv
111,117823,111,0,samfundetgimle,sv
112,137809,112,0,nelk_boys,sv
113,139665,113,0,fatshame,sv
114,140341,114,0,henrikshorn,sv
115,144779,115,0,demokratifestnyheter,sv
116,144784,116,0,nyhetsdiskussion,sv
117,144786,117,0,ovaccineratblodsverige,sv
118,144787,118,0,corneliaunfiltered17,sv
119,144789,119,0,norse_warriors,sv
120,144794,120,0,upplysta,sv
121,144795,121,0,LAXSSON_Official04,sv
122,144798,122,0,biverkningaravvaccin,sv
123,146698,123,0,satinnights,sv
124,146888,124,0,Hudsonvalleypreppingandsurvival,sv
125,147687,125,0,peacefulwarriorlena,sv
126,149251,126,0,metalrattles,sv
127,149490,127,0,lviv24x7,sv
128,149626,128,0,FrittEnatNorden,sv
129,149633,129,0,makeswedengreatagainchat,sv
130,149634,130,0,vansterskrap,sv
131,161893,131,0,surf_noise_swe1,sv
132,167379,132,0,sisconsaturdaySS,sv
133,171451,133,0,frihetochhalsa,sv
134,171453,134,0,forberedforkris,sv
135,172812,135,0,tandhalsoforbundet,sv
136,172813,136,0,vansterkollen,sv
137,172817,137,0,erikshalsoguide,sv
138,172820,138,0,integritet,sv
139,172824,139,0,agenda2030nwo,sv
140,173208,140,0,minjoanmalankanalen,sv
141,173209,141,0,vakeupfriends,sv
142,173210,142,0,FFSVP,sv
143,173211,143,0,aaadjib,sv
144,173212,144,0,sverigestelevisionsvt,sv
145,173214,145,0,foraldrasamverkanVaccDok,sv
146,173217,146,0,SwedishInformationOrganization,sv
147,173219,147,0,MathiasAndersson1,sv
148,174786,148,0,holmqvistNF,sv
149,176441,149,0,glorytoUkrainebiden5billionrokts,sv
150,176543,150,0,finmork,sv
151,177145,151,0,neogermanskapartiet,sv
152,183254,152,0,forsvarforbornssundhed,sv
153,192714,153,0,figure_skating_avangard_yaltafig,sv
154,197125,154,0,vardnadshavare_mot_c19vaccin,sv
155,197130,155,0,SverigesLjus,sv
156,197132,156,0,SvenskaBokochMediemassan,sv
157,199179,157,0,Hockeymans78,sv
158,200201,158,0,travisfimmelfans,sv
159,201872,159,0,VaeckarKlocka,sv
160,206226,160,0,CovidCommuniCation,sv
161,206599,161,0,christinagrossi,sv
162,209186,162,0,krestetskayastrochka_official,sv
163,213789,163,0,juliafrik,sv
164,225810,164,0,chatsouveraenfriedensvertrag,sv
165,235558,165,0,sch34_minsk,sv
166,235827,166,0,nft_meta_en,sv
167,236302,167,0,thestateofthenation,sv
168,236304,168,0,deljugeromalltsverige,sv
169,240309,169,0,infocentr_Perevalsk_Alchevsk,sv
170,242155,170,0,NMRnaste7,sv
171,242158,171,0,naste4se,sv
172,242852,172,0,morgonposten,sv
173,242855,173,0,ViStarInteUt,sv
174,248591,174,0,moyrayon_prospekt_vernadskogo,sv
175,256077,175,0,alushtinskoe_blagochinie_prsslba,sv
176,261923,176,0,girlsinventedpunkrocknotengland,sv
177,265694,177,0,Polar_Explorers_Murmansk_Region,sv
178,274238,178,0,SavasHattiHaber,sv
179,274530,179,0,nsk49channel,sv
180,282276,180,0,Conspiracy_Realist_Sweden,sv
181,283007,181,0,kuatos_sticker,sv
182,291216,182,0,GraveOfRabbiNachmanfromBreslev,sv
183,294288,183,0,tar_3tar,sv
184,298881,184,0,Handbagmurahdirectsupplier,sv
185,305170,185,0,urbanfavor,sv
186,308527,186,0,america_matters,sv
187,317286,187,0,bakhchisarayskoe_blagochinie,sv
188,320033,188,0,bransleocfrihet,sv
189,320035,189,0,uturfnocheu,sv
190,320036,190,0,Kattkampen,sv
191,321383,191,0,stefansjoblom,sv
192,322349,192,0,jmmrapport,sv
193,324024,193,0,sadmansparade,sv
194,324044,194,0,rabotaqfd_vakansiigfrg_robotad,sv
195,345493,195,0,nya_granskning_sverige,sv
196,351317,196,0,halktvcomtr,sv
197,353086,197,0,MUROTTALMUFLIHSAFITRA,sv
198,358462,198,0,mhdhjdgjvcxxcnnvcsagnnbxccjfsssg,sv
199,366402,199,0,medricktalks,sv
200,369366,200,0,Bella_brand_konkurs,sv
201,369437,201,0,FriskareBarnOchUngaNU,sv
202,384793,202,0,drstellaemmanuelmd,sv
203,406860,203,0,Worldsfunniestvideos,sv
204,414650,204,0,renessanstv,sv
205,416188,205,0,acktisti228KGBgVnOanegruppalOl,sv
206,418174,206,0,sampressuz,sv
207,419002,207,0,Hvasong_chet_elliklar_markazi,sv
208,419039,208,0,bloggerlar_ittifoqi,sv
209,419270,209,0,Sherzod_Raxmonovich_Urakov,sv
210,419451,210,0,tkti_24_16,sv
211,419479,211,0,OnlineTestAKT,sv
212,420600,212,0,TyutorTDPU,sv
213,420926,213,0,ulugnorpressa,sv
214,421879,214,0,informatika_arxiv,sv
215,421931,215,0,EllikQalaTVofficial,sv
216,421937,216,0,instagramm_videoo,sv
217,422581,217,0,ramantika_sevishganlar_videolar0,sv
218,423379,218,0,Onatili_attestatsiya_sertifikat,sv
219,423801,219,0,dg_economy,sv
220,423916,220,0,hamroh_books,sv
221,424596,221,0,samytpuz,sv
222,425209,222,0,urdu_yoshlar_ittifoqi,sv
223,426028,223,0,fargona_davlat_universiteti,sv
224,426826,224,0,bagdaddrivers,sv
225,427401,225,0,Futside_Superliga_uzsport_tv,sv
226,427426,226,0,Azizbek_Ochilov,sv
227,427738,227,0,Qalb_yuksalishi,sv
228,427847,228,0,libsamarkand_elektronkitoblar,sv
229,428032,229,0,yoshlar_ishlari_agentligi001,sv
230,428638,230,0,okmk_tv_official,sv
231,428813,231,0,Hukmdor_Usmon_Hukumdor_Xukmdor_1,sv
232,428837,232,0,ochiqdarsuz,sv
233,429206,233,0,japanskillcenter,sv
234,429527,234,0,Harvard_LC,sv
235,429688,235,0,ieltszonefergana,sv
236,429696,236,0,Ochopat_Book,sv
237,429735,237,0,Londoneducation,sv
238,429869,238,0,konsta,sv
239,430086,239,0,AndQXAI_yoshlar,sv
240,430351,240,0,ozbekcha_sexlar_selkalar_erotika,sv
241,430860,241,0,redmarkmg,sv
242,432003,242,0,xaftatv,sv
243,432602,243,0,sanatshunoslik_fakulteti_tanlov,sv
244,434492,244,0,R_Muhammedov,sv
245,435639,245,0,boyxtb,sv
246,437654,246,0,shakhdarov,sv
247,438420,247,0,super_gollar_fintlar_futbol_vide,sv
248,438435,248,0,pp_kitoblar,sv
249,438455,249,0,norboyev_allayor,sv
250,438591,250,0,OZBEKISTON24_fargonaliklar_tv,sv
251,439356,251,0,FUDBOLTV_FUTBOLTV_UZSPORTTV_TV,sv
252,442137,252,0,Soch_Orish_Karonalar_Turmaklari,sv
253,442616,253,0,Erotika_cekclarTv_payshanbaTv,sv
254,443652,254,0,skillzstock,sv
255,443957,255,0,Qora_fonli_videolar_kocha_qizlar,sv
256,444165,256,0,Respublika_anjumanlari,sv
257,444306,257,0,Kayf_videolar_jalablar_jalaplarr,sv
258,446688,258,0,amapiano_vibez,sv
259,449615,259,0,Sanskari_Memes,sv
260,449970,260,0,maskmart,sv
261,450946,261,0,Madpremiumstore,sv
262,452283,262,0,FudbolTV_Transferlar_Chempionlar,sv
263,452783,263,0,Gullar_Rasmlari_official,sv
264,455831,264,0,KapelaChanel,sv
265,457128,265,0,sumerki_video,sv
266,461398,266,0,liderpedagoglar_testbazasi,sv
267,463382,267,0,bolajonimsan,sv
268,464109,268,0,english_slides,sv
269,464865,269,0,memraa,sv
270,465993,270,0,REFERENCIASGRYFF1N,sv
271,466628,271,0,xbet_mosbet_laynbet,sv
272,466818,272,0,Twitter_00,sv
273,467930,273,0,KalaKarHack,sv
274,470210,274,0,HyperBonda,sv
275,470318,275,0,utyhott,sv
276,471351,276,0,stockkara,sv
277,471447,277,0,bigbottocks,sv
278,473021,278,0,fbmarketads,sv
279,473474,279,0,multfilmlar_seriallar_islomiy,sv
280,473475,280,0,prikollar_vidyolar_videolar_klip,sv
281,473862,281,0,Rajput_bad_hackerr,sv
282,474046,282,0,TRP_Hacker10,sv
283,477291,283,0,okandro1,sv
284,477582,284,0,ieltsapex,sv
285,479020,285,0,fitrattv,sv
286,483855,286,0,erotika_amlar_kayf_giflar_sexlar,sv
287,485032,287,0,bilikstock,sv
288,485768,288,0,Aristokratlar_million_latifalar,sv
289,485847,289,0,hadislar_maruzalar_ochildidomla,sv
290,487499,290,0,NZK_Transferlar,sv
291,489832,291,0,Soch_Orish_Turmaklari_karonalar,sv
292,489929,292,0,rockstarstorehack,sv
293,490677,293,0,stockxdurrani,sv
294,490737,294,0,stockreceh_kun,sv
295,492042,295,0,testiskylax,sv
296,493696,296,0,smokingrkills,sv
297,494935,297,0,Words5000,sv
298,495167,298,0,TV_UZSPORTTV_SPORTTV_FUTBOLTV5,sv
299,499232,299,0,kra_ken_channel,sv
300,499675,300,0,Sanat_FakYI,sv
301,499843,301,0,Fasonlar_uz,sv
302,503623,302,0,YANGI_UZBEK_KINOLAR_OZBEK_mv__mv,sv
303,506878,303,0,Qora_udar_glavniga_rasmlar_fonla,sv
304,507151,304,0,Biology3mrmohamedadbelfattah,sv
305,507921,305,0,farpi_energetikafak,sv
306,514934,306,0,smart_store_fergana,sv
307,515737,307,0,stockidamzstore,sv
308,522276,308,0,TOTTENHAMUZ,sv
309,522885,309,0,mybullshittttt,sv
310,525576,310,0,Multfilmlar_Tom_i_Jerriy_Multik,sv
311,528147,311,0,lifevlogFarkhodjon,sv
312,528324,312,0,matematika_variant_yechimlar,sv
313,528701,313,0,matematiklar_programmistlar_1,sv
314,528788,314,0,RUBOJANTV,sv
315,528893,315,0,prikoll,sv
316,528912,316,0,cringe_community,sv
317,536159,317,0,armon1m_bold1ng,sv
318,536175,318,0,usa_nomerlar_7,sv
319,583872,319,0,fargona_universitet_yoshlari,sv
320,586128,320,0,Status_Ramantik_Videolar_Gullar,sv
321,592826,321,0,TV_UZSPORTTV_SPORTTV_FUTBOLTV11,sv
322,603000,322,0,Lifeskillsandparentingskills,sv
323,604615,323,0,TikTok_instagram_videolar_prikol,sv
324,605359,324,0,Docke_Sayding_i_Fasadnie_paneli,sv
325,626917,325,0,doctord_doktord_Jinsiy_faktlar,sv
326,630749,326,0,ongni_kengaytiruvchi_filmlar,sv
327,635810,327,0,FUDBOLTV_FUTBOLTV_TV_UZSPORTTV,sv
328,650113,328,0,kupyansk_military_administration,sv
329,651047,329,0,retseptlar_pishiriqlar_taomlar,sv
330,655558,330,0,opa_singillar_haqida_statuslar,sv
331,662222,331,0,xbet_apk_skachat_1xbetapk_xbeta,sv
332,673641,332,0,dontclicklinkhackedpaddyrambles,sv
333,678296,333,0,Mohina_Canadienne_metodars_kanal,sv
334,697007,334,0,mock_multi_level_cefr_ielts_mock,sv
335,705080,335,0,gudoklar_ringtonlar_zvanoklar,sv
336,740763,336,0,pastorjamesdavidmanningspeeches,sv
337,750302,337,0,englishforallgradesbyrashanassar,sv
338,783273,338,0,Ffffffttttbbbbbooooppppxcghcfjvf,sv
339,784528,339,0,ihavenoidea_letmehavemychannel,sv
340,801711,340,0,BengalBlackDiamondAndroidMaster,sv
341,838982,341,0,sshor5_fextovanie_pyatigorsk,sv
342,12247,342,0,Corona_fakta,da
343,18294,343,0,chaosnavigator,da
344,18363,344,0,dkdox,da
345,24702,345,0,ibederov_en,da
346,25049,346,0,BioweaponVaccine,da
347,29474,347,0,raggedoldmemes,da
348,30717,348,0,SigmaGrindset,da
349,31821,349,0,HrSuhr,da
350,33191,350,0,rinsider,da
351,34332,351,0,shareinfo2all,da
352,34413,352,0,AntivirusDenmark,da
353,35981,353,0,Memes_To_Be_Lost,da
354,36157,354,0,kristophersdumpsterfire,da
355,37254,355,0,infokrig,da
356,40215,356,0,forever_forever4,da
357,41829,357,0,generationidentitaer,da
358,42776,358,0,daysleftuntiljoker2019,da
359,43198,359,0,baden_kalender,da
360,45465,360,0,TCN_SOVEREIGN,da
361,46681,361,0,endlessrabbithole,da
362,49957,362,0,darkness2light,da
363,52713,363,0,VELINFORMERET,da
364,52843,364,0,folkebevaegelsen,da
365,56811,365,0,dissensMEDIA,da
366,57177,366,0,martinmdiversen,da
367,60835,367,0,astrologiemessagereetenergeti,da
368,61308,368,0,SuveranDK,da
369,62440,369,0,needtodream,da
370,63982,370,0,frihedentilbage,da
371,63983,371,0,kentnielsenVoxpopenDK,da
372,63989,372,0,POLITIANMELDELSE,da
373,63994,373,0,corona_skandalen,da
374,64917,374,0,danmarkvaagner,da
375,64975,375,0,PBNOR,da
376,65661,376,0,danske_nyheder_channel,da
377,66047,377,0,denfriepresse,da
378,67592,378,0,FlemmingBlicherCHATgroup,da
379,69507,379,0,DanmarkFrit,da
380,69775,380,0,flemmingblicher,da
381,69778,381,0,fbfnyt,da
382,69779,382,0,JFugl,da
383,69793,383,0,SARS_CoV_STAT_DK,da
384,69802,384,0,perbraendgaardinfo,da
385,69804,385,0,danmarkdemonstrerer,da
386,69807,386,0,danmarksfriefjernsyn,da
387,69824,387,0,Forfatningspartiet_INFO,da
388,69825,388,0,the_sovereign_dane,da
389,69836,389,0,MENINBLACKDENMARK,da
390,69845,390,0,PublicNewsInternational,da
391,70852,391,0,ipressen_dk,da
392,70902,392,0,skat_er_tyveri,da
393,74757,393,0,emergencyalertsystems,da
394,77458,394,0,bruh_png,da
395,77463,395,0,HexenforumDarkPhoenix,da
396,78414,396,0,blokaden,da
397,78422,397,0,agenda21paadansk,da
398,81541,398,0,Fr_Rig,da
399,81553,399,0,nigger99999999999999999999999999,da
400,82350,400,0,mommysredpilled,da
401,86069,401,0,Frihedslisten,da
402,86070,402,0,klumpfisk,da
403,86709,403,0,trve_kvlt_forever,da
404,87321,404,0,forgforgfrog,da
405,94171,405,0,plasmatroedel,da
406,97653,406,0,tonnupmarket,da
407,97976,407,0,Snushanerne,da
408,98050,408,0,Plataformaafavorpaisajesdeteruel,da
409,101838,409,0,germanische_drhamer_dansk,da
410,102540,410,0,systemrelevanterSystemkritiker,da
411,114376,411,0,gesundessenforeverinparaguay,da
412,114637,412,0,BasedHedgehogsGoOutside,da
413,116935,413,0,msk_live,da
414,118404,414,0,fiveDawakening,da
415,122446,415,0,soerengrinderslevfankanal,da
416,122447,416,0,TruthSCD,da
417,122448,417,0,Folkets_Medie,da
418,134724,418,0,infokingvideo,da
419,138477,419,0,OnAirBear,da
420,138479,420,0,AntiPropagandaDk,da
421,140413,421,0,redbinder,da
422,140642,422,0,belarusforumorg,da
423,149828,423,0,keysofsystem,da
424,164925,424,0,dtp_spb78,da
425,179741,425,0,elden_dark_demon_souls_borne,da
426,197126,426,0,mellemtiden,da
427,201640,427,0,Hoejrenyt,da
428,202789,428,0,DigitalCivilUlydighed,da
429,202790,429,0,glemmeri,da
430,202794,430,0,newtimenewyou,da
431,202795,431,0,RikkeHauge,da
432,202796,432,0,gudsvilje,da
433,202797,433,0,DSC_link,da
434,202799,434,0,StarlingSix,da
435,202801,435,0,TruthDK,da
436,202805,436,0,efterretningstjeneste,da
437,202806,437,0,AarhusVaagner,da
438,202808,438,0,digitaletikOGmenneskerettigheder,da
439,202809,439,0,mimeini_da,da
440,202811,440,0,demooverblik,da
441,204013,441,0,shvedshvedon,da
442,205500,442,0,stormovereuropa,da
443,205553,443,0,lejrekommune,da
444,205554,444,0,DRalleNyheder,da
445,205555,445,0,Bevidsthed,da
446,206736,446,0,Bune71,da
447,206738,447,0,DenDanskeKanal,da
448,206741,448,0,covidkritiskmotion,da
449,206742,449,0,orgoniteoasis,da
450,209853,450,0,Kontrapunktet,da
451,211686,451,0,somatik,da
452,211954,452,0,tinyhomerebel,da
453,218216,453,0,mastrends,da
454,218933,454,0,medicalnewsandendtimes,da
455,222577,455,0,illuminativ,da
456,243433,456,0,memydlyaludeynaantidepressands,da
457,253688,457,0,DanmarkNu,da
458,253689,458,0,MedLovSkalLandBygges,da
459,277015,459,0,IKKEMITID,da
460,278008,460,0,da_sv_frihed,da
461,282512,461,0,hxgdgdyrhfhfjjekiay367hehfuejegg,da
462,304900,462,0,betrugsfirmabrd,da
463,305154,463,0,berpikircerdasdankritis,da
464,310080,464,0,vidst0rm,da
465,310399,465,0,saveamericafromfraud,da
466,320439,466,0,neverforgetyouraftabeh,da
467,343310,467,0,gromadske_telebachen_kriviy_rig,da
468,346322,468,0,FrihedBryrup,da
469,346827,469,0,SnushanerneGroup,da
470,352647,470,0,lejrekommunestjaelerboern,da
471,358136,471,0,tired_satyr,da
472,366577,472,0,tafakor_fund,da
473,367870,473,0,ankerpunkte_freiburg_emmendingen,da
474,408539,474,0,CyberNigga2,da
475,408561,475,0,blender_art,da
476,425337,476,0,hidayet_dernegi,da
477,428609,477,0,biolog_shahzod_tilovberdiyev,da
478,437785,478,0,ozodbek_sk,da
479,439055,479,0,openbudget_open_budget_tashabbus,da
480,443621,480,0,legendkiller007shop,da
481,444573,481,0,finestlegendsquad,da
482,452337,482,0,safeslipsbet,da
483,455801,483,0,teddydesigner,da
484,456814,484,0,conversordeletras,da
485,458109,485,0,DoriRulesHere,da
486,468592,486,0,testismondstore,da
487,470067,487,0,friendsforfriends0,da
488,470298,488,0,kinderfafa,da
489,471751,489,0,marketref,da
490,477916,490,0,apk_xbet_1xbet_linebet_mostbet,da
491,483343,491,0,testibyzammskuy,da
492,483694,492,0,el_mejor_team,da
493,493484,493,0,ChAkbarrJb,da
494,495791,494,0,cardersandspammers068,da
495,502422,495,0,openbudget_openbudjet_open_bud,da
496,503058,496,0,SKB_STORE,da
497,511992,497,0,eliasmeseret,da
498,514884,498,0,Livebet_uz_bets_xbet_livebet,da
499,515745,499,0,KaidenStore,da
500,523501,500,0,Snasb_Hasab,da
501,526805,501,0,englishforkidsinkindergarten,da
502,533319,502,0,TRUSTEDDEV,da
503,549605,503,0,accinstagramandtiktokforsale,da
504,576094,504,0,BybelInspirasieBibleInspiration,da
505,599214,505,0,AMAZON_flipkart_sale_offer_deals,da
506,599942,506,0,CC_Seller_ig_fb_carding_hacking,da
507,639575,507,0,lavylites_baerbelbuske_398714,da
508,755208,508,0,Stikker_Uz_Sticker_Stikerlar_sex,da
509,14883,509,0,simon_parkes,fi
510,16969,510,0,HennaMariaVermeulen,fi
511,16987,511,0,PoliceForFreedomSuomi,fi
512,16998,512,0,vpvirallinen,fi
513,19352,513,0,sananvap_perusoik_suomi,fi
514,20963,514,0,valkoinenruusu,fi
515,22378,515,0,captainajit,fi
516,25739,516,0,MeKansa,fi
517,28777,517,0,minnew,fi
518,31863,518,0,kirjokansi,fi
519,33589,519,0,JustinBarrettNP,fi
520,42267,520,0,suurkulkue,fi
521,44487,521,0,hussinhussin73,fi
522,48059,522,0,elaguijon,fi
523,51997,523,0,spirituelleenergien_Raika_HeLena,fi
524,52573,524,0,JFKJRANDTRUMP,fi
525,53990,525,0,DefendFinland,fi
526,58054,526,0,faktatehdas,fi
527,58430,527,0,RapsodiaUutiskanava,fi
528,58594,528,0,finlandrebellionnews,fi
529,58749,529,0,caesarskot,fi
530,59971,530,0,tartary,fi
531,62881,531,0,chemtrailsgroup,fi
532,65361,532,0,vainhyviauutisia,fi
533,65375,533,0,totuusrokotteista,fi
534,65403,534,0,terveyskanava,fi
535,67496,535,0,QAnonFinland,fi
536,70211,536,0,uutishuone,fi
537,72444,537,0,tiedonvirta,fi
538,75696,538,0,koronarealistit,fi
539,77611,539,0,antinwoilluminati,fi
540,82347,540,0,kalevanvesat,fi
541,85309,541,0,RUSSIAX,fi
542,86574,542,0,Mushoku_Tensei_MushokuTensei,fi
543,91247,543,0,mathsapprivoisees,fi
544,97093,544,0,JaanaKavonius,fi
545,101952,545,0,tokentube,fi
546,101954,546,0,totuudenetsijat,fi
547,109593,547,0,monokulttuuri,fi
548,113633,548,0,valopaljastaa,fi
549,121771,549,0,convoyfinland2022,fi
550,123555,550,0,muiekkkk,fi
551,132576,551,0,lapsetovatpyhiakanava,fi
552,132597,552,0,piikkiparatiisiin,fi
553,132627,553,0,JanusTelegram,fi
554,137617,554,0,mvlehti,fi
555,137618,555,0,ReformiStudio,fi
556,137619,556,0,vaalitarkkailu,fi
557,137620,557,0,TAPAHTUMAKALENTERItiedotussivu,fi
558,137621,558,0,TikkakoskiHubi,fi
559,137622,559,0,kemppepodcastchannel,fi
560,137624,560,0,uudenajanpalvelut,fi
561,137625,561,0,partisaani,fi
562,137626,562,0,kansalaiskavelysuomi,fi
563,137627,563,0,pandemiaopas,fi
564,137628,564,0,risusavotta,fi
565,137629,565,0,Funtsittavaa_blog,fi
566,137630,566,0,ajatusrikostuotanto,fi
567,137631,567,0,TurunToimintaryhma,fi
568,137632,568,0,MuutoksenPuolesta,fi
569,137633,569,0,iwikimiSuomiFinland,fi
570,137635,570,0,VaLtiedottaa,fi
571,137637,571,0,ouluntapahtumat,fi
572,137639,572,0,valkohaalarit,fi
573,137868,573,0,suomiheraa,fi
574,137870,574,0,freedomconvoyfinlandtiedotus,fi
575,137873,575,0,kadulle,fi
576,139584,576,0,Totuuspuolue,fi
577,139585,577,0,SuomiUutisetLive,fi
578,139586,578,0,uudenajanterveys,fi
579,139587,579,0,AkinLakiapu,fi
580,139592,580,0,vkksuomi,fi
581,139593,581,0,weissianslips,fi
582,139594,582,0,onttoplaneetta,fi
583,139596,583,0,kalevanmiekka,fi
584,139599,584,0,realnewsfinland,fi
585,140928,585,0,janusputkonenCHAT,fi
586,158153,586,0,krasoti_rossii_beautiful_russian,fi
587,168103,587,0,JimmyNeutronCroissantposting,fi
588,168153,588,0,maantasalla,fi
589,179048,589,0,mypantone,fi
590,181307,590,0,joingroupsirimoistinikrila,fi
591,196006,591,0,ValoPaljastaa_Chat,fi
592,196007,592,0,olaviai,fi
593,197098,593,0,nationalistzulkarneyndivisionnn,fi
594,209961,594,0,JoviValQanon,fi
595,217147,595,0,ChristianSpirituelleAnalysen,fi
596,217544,596,0,surf_noise_fi,fi
597,220468,597,0,johanfin,fi
598,235186,598,0,syvapaaty,fi
599,235187,599,0,deepcr,fi
600,236107,600,0,historiakanava,fi
601,236110,601,0,mkrtiedotuskanava,fi
602,236111,602,0,energiakanava,fi
603,237487,603,0,apelsinapelsin,fi
604,254543,604,0,RealInfoClinic,fi
605,259346,605,0,jovenesenmovimientovvadetapia,fi
606,262093,606,0,kayvansouifi,fi
607,268083,607,0,russiananimatedfilmsassosiation,fi
608,274209,608,0,annasarukhanova_illustration,fi
609,274464,609,0,reposet,fi
610,274465,610,0,kaikenlaista,fi
611,280700,611,0,kittykittykittykittykittykitty,fi
612,281341,612,0,kothetjournalist,fi
613,281734,613,0,joinchat_lisa_lTRLvP8JcjIxN2Qx,fi
614,288969,614,0,korona_rikosihmisyyttavastaan,fi
615,311672,615,0,vrtllalena,fi
616,314218,616,0,punkpunkpunkpunk1,fi
617,317554,617,0,hipermojon,fi
618,323429,618,0,h2ovedenpuhdistaminen,fi
619,332500,619,0,VVIPWaitingListSetUjianDunia,fi
620,333708,620,0,KittenOnMoon,fi
621,334234,621,0,siapajodohku,fi
622,356723,622,0,saintephraimofkatounakia1998,fi
623,363452,623,0,srilankans,fi
624,400175,624,0,kemppepodcast,fi
625,400178,625,0,suomentulevaisuus,fi
626,403167,626,0,jose_muorinho_fans,fi
627,407251,627,0,Esoterrrrrriiiiiiiiikkkkkkkk,fi
628,407636,628,0,MiankalehConsultantCommittee,fi
629,416818,629,0,nethassoskk,fi
630,419418,630,0,kosonmanaviyat,fi
631,420681,631,0,NavoiyPROFIUNIVERSITY,fi
632,420687,632,0,Nukusinnovatsioninstituti_uz,fi
633,420896,633,0,Press_Secretary_Andijan,fi
634,422831,634,0,innovatsion_ixtirolar_Navoiy,fi
635,428662,635,0,olmaliq_oila_xotin_qizlar,fi
636,431303,636,0,salohiddin_solixon_solihon_domla,fi
637,432182,637,0,sekskino_sekssssssssss_sexhikoya,fi
638,437467,638,0,Internet_Dokon_Mahsulot_100k,fi
639,437752,639,0,Buxoro_Toshkent_taksi_Taxi_pocta,fi
640,441982,640,0,mudofaavatanparvartashkiloti,fi
641,442436,641,0,janaina_arteennudos,fi
642,443992,642,0,HyperXmatka,fi
643,444102,643,0,RavanShopOP,fi
644,448042,644,0,Massajistki_massaj_massajistka,fi
645,450573,645,0,eny3saalawu,fi
646,452649,646,0,rustamjon_domla_rustamjondomla,fi
647,454979,647,0,Million_2022_Milyon_Million2022,fi
648,460351,648,0,massajistki_masajistki_spasalony,fi
649,464764,649,0,lllliios,fi
650,466631,650,0,Alisher_Navoiy_hayoti_va_ijodi,fi
651,472647,651,0,pohjoisensoturit,fi
652,472648,652,0,ivan_yakovina,fi
653,483838,653,0,Ehtirosli_Erotika_Sexxx_Sekislar,fi
654,484280,654,0,stokaslicui,fi
655,484586,655,0,kyuraastore,fi
656,485987,656,0,veinxa,fi
657,489233,657,0,testiresseko,fi
658,490438,658,0,Solusi_Paket_Joki_Galbay_Pinjol,fi
659,490916,659,0,Vynsapp,fi
660,492528,660,0,stokakunrstoree,fi
661,492551,661,0,stoknansii2,fi
662,492963,662,0,punyaacipaaaaa,fi
663,497802,663,0,SomeOneLikeHan,fi
664,499159,664,0,mbtiarea,fi
665,502343,665,0,Shukurullohdomla_Rustamjondomla,fi
666,504159,666,0,llllllllliiiiiiiiiiiilllllll,fi
667,504940,667,0,boom_xbettttttttttttttttyyyyy,fi
668,508307,668,0,matattestatsiya,fi
669,511427,669,0,Ssssssssssssssssssssssssssssaoz,fi
670,511899,670,0,sanjiandhissluttylittlewaist,fi
671,513445,671,0,Wassappening,fi
672,515107,672,0,masajistka_masajistki_spasalon,fi
673,515110,673,0,masajistka_massajistka_spasalon,fi
674,517457,674,0,Havali_HP,fi
675,519520,675,0,pepperonitalk,fi
676,523315,676,0,Salvation_LGBT,fi
677,525288,677,0,IsroilZiyoyev,fi
678,526571,678,0,welcometowaikiki_season1_2018,fi
679,532575,679,0,sintalksin,fi
680,566003,680,0,spa_salon_Massajistki_tashkent,fi
681,566404,681,0,KryptoInvestmentZukunftKanal,fi
682,567499,682,0,ennalellahvaennaelaiherajeoon,fi
683,575409,683,0,DutchFruitSolutionsUzbekistan,fi
684,610780,684,0,Umidjon_Muhammadiyev_jonli_ijro,fi
685,615744,685,0,Hristian_Dobrye_Foto_Otkrytki_12,fi
686,646073,686,0,OPSfemministaEtransfemminista,fi
687,660306,687,0,perotexnika_toshkent_salyutt,fi
688,678119,688,0,ona_tili_milliy_sertifikat707,fi
689,693300,689,0,shukurulloxon_anvarov_rasmiy,fi
690,707364,690,0,communistyrossiistavropolkrai,fi
691,707399,691,0,massajistka_toshkent_spasalonm,fi
692,739530,692,0,konstitutsiyaviyhuquqfanidan,fi
693,752569,693,0,onlinestudytipshacksmotivation,fi
694,773155,694,0,mypussytasteslikepepsicolaaa,fi
695,774206,695,0,iiiiiiiiiiiiiiiimnnnnnnnnnnnnot,fi
696,806187,696,0,mypervie93_timashevskiyrayon,fi
697,840348,697,0,TranslationStudiesSHojaaNaynava,fi
698,858366,698,0,hdoysoyxuckvouogitaoywoysyxuohpj,fi
699,858554,699,0,tsukishimaundkoitosindgeheiratet,fi
700,864886,700,0,lookatmyfunnyawesomesukalife,fi
701,14408,701,0,worldwidefreedomnorway,no
702,17844,702,0,DarksidePapersChat,no
703,22937,703,0,midtifleisen,no
704,23952,704,0,rusembdk,no
705,28040,705,0,Zensurfreies_Telegram,no
706,29069,706,0,silverbypost,no
707,30129,707,0,LionmanMySpiritualJourneyToLyra,no
708,32823,708,0,CorbettReportUp,no
709,33217,709,0,InfodefSCANDINAVIA,no
710,34750,710,0,SoultoSoulHealerAndLightworker,no
711,35440,711,0,UnerkanntW,no
712,36279,712,0,kriegsagenda_russland_ukraine,no
713,37404,713,0,DniproPeter,no
714,39939,714,0,barememes,no
715,43999,715,0,erkennen_umdenken,no
716,44806,716,0,Xgonnagiveittoya,no
717,48166,717,0,StarTrekMemes,no
718,48188,718,0,just_hmmm,no
719,48451,719,0,gmgntw,no
720,49274,720,0,GreatAwakeningHk,no
721,50047,721,0,pepe_and_nature,no
722,50953,722,0,masklessdragons,no
723,52746,723,0,alternativ_media,no
724,52876,724,0,NorskeCovidNyheter,no
725,52911,725,0,Coronanytt,no
726,53832,726,0,annette_birkin_researchlab,no
727,54265,727,0,Ryandunnlives,no
728,57765,728,0,XanikenPost,no
729,58357,729,0,Geir_Sannhetskriger,no
730,65684,730,0,falangeargentina,no
731,66323,731,0,Storm_Riders,no
732,68381,732,0,pandemictruths,no
733,70570,733,0,frontenno,no
734,74317,734,0,kevinnnnnnnnnnnnmmnm,no
735,76082,735,0,ereport,no
736,78778,736,0,tomselliott,no
737,79004,737,0,davesgravyhole,no
738,80577,738,0,sovietunder,no
739,82109,739,0,aspergerparaasperger,no
740,82646,740,0,kinoreflexio,no
741,86691,741,0,usels,no
742,88300,742,0,sortirdelapyramide,no
743,89180,743,0,debil_deb,no
744,90955,744,0,danishtrap,no
745,93622,745,0,livligg,no
746,94012,746,0,melissacollins,no
747,100311,747,0,frittfolk,no
748,102478,748,0,bolsoregrets,no
749,105380,749,0,yseedsmedia,no
750,105381,750,0,beastlive,no
751,105454,751,0,sergsaves,no
752,106062,752,0,sharebooks4you,no
753,107722,753,0,NESARAGUIDE,no
754,109630,754,0,holocface,no
755,112335,755,0,thegreatestdesigners,no
756,115987,756,0,Planet_Arts,no
757,117256,757,0,cartoonyobestii,no
758,120111,758,0,magnetmotorbestellen,no
759,120237,759,0,KnowthyMaker,no
760,121325,760,0,jiangfengtime,no
761,122400,761,0,Affenplanet,no
762,125112,762,0,transerfing_realnosti_tyt,no
763,125615,763,0,My_LittleDark_Age,no
764,125740,764,0,Deathto50centsmissions,no
765,133163,765,0,akket,no
766,135232,766,0,pag404,no
767,138236,767,0,ToMakeAllMyInvestorsFeelWinning,no
768,142935,768,0,adamgreenandjonbjerknessdebunked,no
769,143087,769,0,nomoremtr,no
770,144567,770,0,vitebsk_info,no
771,149639,771,0,Frihetskamp,no
772,150191,772,0,kjetilandreasdreyer,no
773,151454,773,0,TserkovParaskevyPyatnitsynaTorgu,no
774,153589,774,0,mger25,no
775,168089,775,0,HolyRedPill,no
776,178003,776,0,pangapkennels,no
777,181028,777,0,morgellonsbigman,no
778,184219,778,0,drakeitalia,no
779,185030,779,0,verticali,no
780,187791,780,0,valerylarionov,no
781,188883,781,0,rfinsidenews,no
782,189600,782,0,macdiggerr,no
783,194015,783,0,playforukraine,no
784,202802,784,0,glennrichardbergstoskanal,no
785,202967,785,0,uglyelderyposter,no
786,205504,786,0,resettno,no
787,205506,787,0,regjeringenno,no
788,205507,788,0,coronanorge,no
789,205509,789,0,SusanneHeartsKanal,no
790,205510,790,0,BindersNorge,no
791,205511,791,0,faktiskikke,no
792,205512,792,0,FolkedomstolenForNorge2022,no
793,205513,793,0,documentno,no
794,205514,794,0,Syrlige_Drops,no
795,205515,795,0,WARGAMES_NO_MORE,no
796,205517,796,0,GjermundSingelaction,no
797,209521,797,0,DiAthena77,no
798,209628,798,0,Politikeren,no
799,209629,799,0,folkestyret_org,no
800,211266,800,0,pentestland,no
801,212123,801,0,msiatimes,no
802,212138,802,0,KEADILANCN,no
803,213159,803,0,nunlachdochmal,no
804,214785,804,0,corvidnews,no
805,214787,805,0,Hemalimagasinet,no
806,223194,806,0,LikeMovieTG_Kinopoisk_Findvid,no
807,235261,807,0,FesliVeli,no
808,242479,808,0,Cubigator,no
809,244726,809,0,LTNnews,no
810,248707,810,0,TheReformerHongkong,no
811,248822,811,0,MattersHub,no
812,248884,812,0,zhoufengsuo,no
813,249646,813,0,iWallpaper,no
814,249982,814,0,LennonForever,no
815,254709,815,0,joihoiyt,no
816,256351,816,0,QandLawgrouplist,no
817,256481,817,0,xtokenorg,no
818,256764,818,0,BindersInitiativet,no
819,260038,819,0,lovogjuss,no
820,260937,820,0,GreatProtestMovement,no
821,273072,821,0,backend_news_base,no
822,273593,822,0,pokemongenesisforumcommunity,no
823,273963,823,0,huinijiayou,no
824,279045,824,0,funnyjokesandvideo,no
825,280144,825,0,realbaker,no
826,281374,826,0,archlinuxcn,no
827,281657,827,0,PagerMaid_Modify,no
828,285027,828,0,lskenttt,no
829,291793,829,0,lpr_omsk_mv_mv_mv_mv_mv_mv_m__mv,no
830,298296,830,0,aleksandrova_kate_university,no
831,300897,831,0,falloft,no
832,302916,832,0,englishbiblespeakerandlesting,no
833,313267,833,0,dangzhibu,no
834,322643,834,0,ame3_jk,no
835,355043,835,0,fdhugihj,no
836,356650,836,0,Regjeringen,no
837,356651,837,0,Politikkpodden,no
838,356964,838,0,covid19norge,no
839,366345,839,0,letterssto,no
840,397946,840,0,overVolt,no
841,402351,841,0,solomyanskipark,no
842,405773,842,0,tokenpocket77,no
843,407215,843,0,oleg_fov,no
844,414958,844,0,AksjonForAnstendighet,no
845,414959,845,0,AksjonForFrihet,no
846,416306,846,0,neitilkoronapass,no
847,416307,847,0,skjulte_agendaer,no
848,416309,848,0,sveinarnevolle,no
849,416311,849,0,kulturkampnorge,no
850,416313,850,0,jussjitsu,no
851,416314,851,0,jtvPosten,no
852,416316,852,0,Oppbygging,no
853,416317,853,0,ulfayirtahskberg,no
854,416319,854,0,beredskap,no
855,416321,855,0,Oppbygging_Radio_kanal,no
856,416322,856,0,Biologi_og_politikk,no
857,417418,857,0,SpeedShare_Channel,no
858,417984,858,0,uzbekkonsert_dm,no
859,418112,859,0,jahongir_pulatov_blog,no
860,420815,860,0,oppbygging_radio,no
861,420818,861,0,hundekjoring,no
862,421645,862,0,solglotten,no
863,422899,863,0,QRKeleshek_liderleri,no
864,427278,864,0,MINOKSIDIL_SOQOL_OSTIRISH_MINOXI,no
865,427751,865,0,ibrohimjontursunov,no
866,431184,866,0,art_bloger_uz,no
867,431559,867,0,fermer_uzbekistan,no
868,432175,868,0,compyuteruz,no
869,433433,869,0,tokchannel,no
870,437214,870,0,kidkelpiiexnetbackup,no
871,438820,871,0,ChannelDeNetflix,no
872,439735,872,0,BabyBrownie1,no
873,439775,873,0,SMM_Target_Marketing_Tashkent,no
874,442223,874,0,OFFICAL_Mr_kingtruststoreforever,no
875,443281,875,0,error404_usernotavailable,no
876,444256,876,0,SARACENZ_OFFICIAL,no
877,445956,877,0,sidddeking,no
878,446226,878,0,newdaydroidgaming,no
879,446824,879,0,skytunnel,no
880,449367,880,0,FortPal,no
881,449543,881,0,kingspremiumstore,no
882,450013,882,0,Thapelo_Deriv_Trader,no
883,450225,883,0,spyikidd,no
884,450374,884,0,ninetyninestreaks,no
885,451466,885,0,Ninjasellerstock,no
886,451639,886,0,virginbreakerr,no
887,452104,887,0,HansxOfficial,no
888,452781,888,0,PAID_FUN_VIDEOCAL,no
889,453177,889,0,fortgangstock,no
890,453286,890,0,letmakelargemoney,no
891,456069,891,0,minerdiptv,no
892,460569,892,0,MAS_ERIKSTORE2,no
893,460592,893,0,kyuramarket2,no
894,460615,894,0,tujuduapubgm,no
895,460641,895,0,Sagitariusstores,no
896,460746,896,0,THREESIXTY_STORE,no
897,460818,897,0,NUGROHOSTORECHANNEL,no
898,462033,898,0,TEFFASTORE,no
899,462057,899,0,ZYREX_STORE2,no
900,462216,900,0,blag_ref,no
901,462792,901,0,STOCKkimm,no
902,463232,902,0,sekki_video888starz_xbet_linebet,no
903,463413,903,0,darksideofArt,no
904,463767,904,0,DEVILSTOREHUB,no
905,465339,905,0,Kyzeenstore1,no
906,466268,906,0,KKT135,no
907,466271,907,0,YIPKK886,no
908,467172,908,0,FUTBOL_SPORT_LIVE_ASLFUTBOL_TV,no
909,467886,909,0,Direktor_OzMKOMI_Nokis_Filiali,no
910,468657,910,0,stoktwitter,no
911,468660,911,0,recehstore2,no
912,468684,912,0,kikopubgstore,no
913,470111,913,0,SKYZOOstore,no
914,470275,914,0,Piskent_2_maktab_ijodkor_yoshlar,no
915,471249,915,0,FukashiStore,no
916,471264,916,0,daizenstore,no
917,471931,917,0,vizelmarket,no
918,473020,918,0,childboyfromzero,no
919,473718,919,0,frassboyzzz,no
920,474085,920,0,NemisisMe,no
921,474505,921,0,longge61,no
922,474510,922,0,redfoxystore,no
923,474583,923,0,HYUGO_STORE,no
924,476240,924,0,kingoflenss,no
925,478227,925,0,JUALAKUNTIKTOK_REAL,no
926,478952,926,0,nortseastore,no
927,479335,927,0,SPONGEBOBMARKET,no
928,479339,928,0,BirSky_store,no
929,479347,929,0,stockbybirsky,no
930,479352,930,0,miyukamarket,no
931,479714,931,0,Soft_sprey_spray_men_softsprey,no
932,479808,932,0,NewStorePatrick3,no
933,480592,933,0,Bullet_Hacker,no
934,482104,934,0,soft_men_sprey_softsprey_spray,no
935,482253,935,0,storewintzy,no
936,482992,936,0,nsfwdum,no
937,483351,937,0,upfollpajarr,no
938,484213,938,0,banksmarket,no
939,484530,939,0,xyennastore,no
940,484585,940,0,soaaStore,no
941,485029,941,0,SkinnedArtistStock,no
942,485517,942,0,Lenghuastore9748,no
943,485626,943,0,babythisloveillneverletitdie,no
944,486573,944,0,xiaonannb1,no
945,489628,945,0,fjhfffg,no
946,489708,946,0,xyraACCOUNTSTORE,no
947,490165,947,0,Bobobotstore,no
948,490192,948,0,venomstore1,no
949,490361,949,0,rkivetiktok,no
950,490491,950,0,linglonggzs,no
951,490510,951,0,PUBGYouRan,no
952,491221,952,0,TestiPengkikstore,no
953,491821,953,0,ZoldyXtesty,no
954,492051,954,0,penskuymarket,no
955,492217,955,0,fallekstok,no
956,492515,956,0,textnipjb,no
957,492619,957,0,jbffkylie,no
958,492640,958,0,ledgestore,no
959,492841,959,0,chzennstore,no
960,493670,960,0,tokoplanet,no
961,493675,961,0,irfannn_store,no
962,494008,962,0,hgwzddyy,no
963,494216,963,0,Derkenzstore,no
964,494723,964,0,kt_yyds,no
965,495390,965,0,wanligg,no
966,496305,966,0,ingliztili360,no
967,499413,967,0,zxc1234565,no
968,499417,968,0,scwnb6666,no
969,499544,969,0,mo3_om_market,no
970,499763,970,0,catpawnsstore,no
971,499939,971,0,referendum_navoiy_matbuot_markaz,no
972,502482,972,0,fenomen_forever,no
973,503049,973,0,MoveToVerXChannel,no
974,503226,974,0,TYAYER,no
975,503250,975,0,bynbyyds,no
976,503321,976,0,beimiannb,no
977,504202,977,0,XISHENGYAN_Oq_Doglarga_Flamaster,no
978,505127,978,0,geologiya_fanlar_universiteti,no
979,506424,979,0,BEDAYR1,no
980,512106,980,0,xknbyyds,no
981,515560,981,0,HD_RASMLAR_OlaMi_HD,no
982,515728,982,0,koystorekonto,no
983,519929,983,0,cookiestiktoks,no
984,521026,984,0,OSYYDS,no
985,521156,985,0,mental_arifmetika_trener_2022,no
986,521618,986,0,NIANziyuan,no
987,522854,987,0,sebatonin,no
988,525203,988,0,Marvel_DC_qasoskorlar_Avengers,no
989,529274,989,0,AZXSWEDC,no
990,554445,990,0,design_gallery_avtorsky_dozor,no
991,555023,991,0,Moshavere_konkur_motavasete22,no
992,568299,992,0,fenomen_russkoy_medievistiki,no
993,597664,993,0,andijon_ish_bor_kerak_elonlar,no
994,609164,994,0,semero_po_lavkam_father_blog,no
995,610294,995,0,optomKompyuterlar_noutbuklar,no
996,619845,996,0,blok_test_fan_imtihon_darslikdtm,no
997,619850,997,0,Geografiyadan_supper_testlar,no
998,675286,998,0,Worldsmostfunniestvideostelegram,no
999,696049,999,0,Default_target_strikes_killings,no
1000,703264,1000,0,boksstoreid_planetfashionMEN,no
1001,762615,1001,0,BrokenPromisesForBrokenHearts,no
1002,791746,1002,0,qrmko_Tolepbergen_Qayipbergenov,no
1003,799560,1003,0,JASA_JOKI_PINJOL_REAL_AMANAHH,no
1004,850667,1004,0,Islomiy_juftliklar_IslomiySevgi1,no
